User ID,Time,Code,Finished Votes
260,0:01:41.998266,X46dBrxd79,20
256,0:04:14.815339,JX7ax6Jdyv,20
255,0:04:47.574726,7LDdw0Je1Y,20
253,0:02:49.926656,yMYer2weOB,20
251,0:01:20.923630,k8mepZ1bMy,20
250,0:01:34.333143,WJxboZzagw,20
249,0:01:57.172296,4openR4e7A,20
248,0:02:55.709925,wMvbmqpbYA,20
247,0:02:05.244145,OpnelRlbKB,20
246,0:03:36.205749,Wpmbk2xazJ,20
245,0:02:20.340648,VolejYWdjN,20
244,0:01:32.708897,Wjnegp9awZ,20
243,0:02:02.121448,QnXe087exr,20
